{
  "episode": 500,
  "avg_cost_per_step": 232.38133239746094,
  "bullwhip_chain": [
    3.339553634508048,
    0.7620512132906807,
    1.2658257119580907
  ],
  "bull_overall": 3.221413650629694
}