{
  "episode": 100,
  "avg_cost_per_step": 1174.039306640625,
  "bullwhip_chain": [
    2.818374756454748,
    1.8333007718229037,
    0.9424810095734885
  ],
  "bull_overall": 4.869732098679556
}