{
  "episode": 400,
  "avg_cost_per_step": 317.0696716308594,
  "bullwhip_chain": [
    2.2240367636202913,
    1.4002139622895333,
    0.9120514062912262
  ],
  "bull_overall": 2.8402442098449123
}