{
  "episode": 350,
  "avg_cost_per_step": 315.81768798828125,
  "bullwhip_chain": [
    2.6036885603002227,
    1.1875179613073383,
    0.7960430936568402
  ],
  "bull_overall": 2.4613070795196794
}