{
  "episode": 50,
  "avg_cost_per_step": 2996.19287109375,
  "bullwhip_chain": [
    6.54740590774596,
    1.0709387428081283,
    1.1221266431464456
  ],
  "bull_overall": 7.8682068763402535
}