{
  "episode": 150,
  "avg_cost_per_step": 405.3429870605469,
  "bullwhip_chain": [
    3.155756581466969,
    1.3496994078684785,
    0.8055531615508157
  ],
  "bull_overall": 3.4311109390529326
}