{
  "episode": 200,
  "avg_cost_per_step": 295.8843078613281,
  "bullwhip_chain": [
    3.7797732979661247,
    0.8986558333465378,
    1.0304819758402806
  ],
  "bull_overall": 3.5002539173550518
}