{
  "episode": 300,
  "avg_cost_per_step": 185.22779846191406,
  "bullwhip_chain": [
    2.599137750325485,
    0.9824216800183198,
    1.0469531829065326
  ],
  "bull_overall": 2.673341846138283
}