{
  "episode": 450,
  "avg_cost_per_step": 178.81936645507812,
  "bullwhip_chain": [
    2.9566362023737347,
    1.2296239623953111,
    1.078908656440325
  ],
  "bull_overall": 3.922427145459255
}