{
  "episode": 250,
  "avg_cost_per_step": 181.33770751953125,
  "bullwhip_chain": [
    2.364432950374884,
    1.4077814384742993,
    0.798499648214155
  ],
  "bull_overall": 2.657889777857687
}